,Min,Max,Variable
0,76.6598093,77.7497448,Longitude
1,12.3080613,13.1393984,Latitude
2,50.0,2000.0,price_for_one
